[{"objectID": 15305, "artistDisplayName": "Anna Claypoole Peale", "title": "Portrait of a Lady", "artistGender": "Female", "primaryImage": "https://images.metmuseum.org/CRDImages/ad/original/APS6625.jpg", "culture": "American", "country": "", "artistWikidata_URL": "https://www.wikidata.org/wiki/Q4766924", "objectDate": "1822", "objectBeginDate": 1822, "objectEndDate": 1822}, {"objectID": 10958, "artistDisplayName": "Sarah Goodridge", "title": "Portrait of a Lady", "artistGender": "Female", "primaryImage": "https://images.metmuseum.org/CRDImages/ad/original/ap68.222.25.jpg", "culture": "American", "country": "", "artistWikidata_URL": "https://www.wikidata.org/wiki/Q7422343", "objectDate": "1830", "objectBeginDate": 1830, "objectEndDate": 1830}, {"objectID": 283095, "artistDisplayName": "Clementina Hawarden", "title": "Photographic Study", "artistGender": "Female", "primaryImage": "https://images.metmuseum.org/CRDImages/ph/original/DP209295.jpg", "culture": "", "country": "", "artistWikidata_URL": "https://www.wikidata.org/wiki/Q2143075", "objectDate": "early 1860s", "objectBeginDate": 1860, "objectEndDate": 1864}, {"objectID": 286598, "artistDisplayName": "Clementina Hawarden", "title": "Photographic Study", "artistGender": "Female", "primaryImage": "https://images.metmuseum.org/CRDImages/ph/original/DP243437.jpg", "culture": "", "country": "", "artistWikidata_URL": "https://www.wikidata.org/wiki/Q2143075", "objectDate": "Early 1860s", "objectBeginDate": 1860, "objectEndDate": 1865}, {"objectID": 431239, "artistDisplayName": "Caroline Watson", "title": "Miranda (Shakespeare, The Tempest, Act 1, Scene 1)", "artistGender": "Female", "primaryImage": "https://images.metmuseum.org/CRDImages/dp/original/DP858692.jpg", "culture": "", "country": "", "artistWikidata_URL": "https://www.wikidata.org/wiki/Q16859203", "objectDate": "April 14, 1809", "objectBeginDate": 1809, "objectEndDate": 1809}, {"objectID": 15068, "artistDisplayName": "Sarah Goodridge", "title": "Portrait of a Lady", "artistGender": "Female", "primaryImage": "https://images.metmuseum.org/CRDImages/ad/original/APS6857.jpg", "culture": "American", "country": "", "artistWikidata_URL": "https://www.wikidata.org/wiki/Q7422343", "objectDate": "ca. 1820", "objectBeginDate": 1820, "objectEndDate": 1820}, {"objectID": 15065, "artistDisplayName": "Eliza Goodridge", "title": "Portrait of a Lady", "artistGender": "Female", "primaryImage": "https://images.metmuseum.org/CRDImages/ad/original/APS6918.jpg", "culture": "American", "country": "", "artistWikidata_URL": "https://www.wikidata.org/wiki/Q5362847", "objectDate": "1829", "objectBeginDate": 1829, "objectEndDate": 1829}, {"objectID": 10731, "artistDisplayName": "Jane Anthony Davis", "title": "Lady Seated in a Boston Rocker", "artistGender": "Female", "primaryImage": "https://images.metmuseum.org/CRDImages/ad/original/ap66.242.14.jpg", "culture": "American", "country": "", "artistWikidata_URL": "https://www.wikidata.org/wiki/Q62109692", "objectDate": "", "objectBeginDate": 1821, "objectEndDate": 1855}, {"objectID": 399310, "artistDisplayName": "Ad\u00e8le-Ana\u00efs Toudouze", "title": "A Lady in a Hunting Costume with a Lady in Walking Costume on a Mountain Path from La Mode Illustr\u00e9e", "artistGender": "Female", "primaryImage": "https://images.metmuseum.org/CRDImages/dp/original/DP819180.jpg", "culture": "", "country": "", "artistWikidata_URL": "https://www.wikidata.org/wiki/Q51547947", "objectDate": "1881", "objectBeginDate": 1881, "objectEndDate": 1881}, {"objectID": 437048, "artistDisplayName": "Anne Foldsone Mee", "title": "Portrait of a Woman, Said to Be Lady Sophia Boyle", "artistGender": "Female", "primaryImage": "https://images.metmuseum.org/CRDImages/ep/original/4652.jpg", "culture": "", "country": "", "artistWikidata_URL": "https://www.wikidata.org/wiki/Q16858002", "objectDate": "ca. 1790", "objectBeginDate": 1785, "objectEndDate": 1795}, {"objectID": 436808, "artistDisplayName": "Angelica Kauffmann", "title": "Edward Smith Stanley (1752\u20131834), Twelfth Earl of Derby, Elizabeth, Countess of Derby (Lady Elizabeth Hamilton, 1753\u20131797), and Their Son (Edward Smith Stanley, 1775\u20131851)", "artistGender": "Female", "primaryImage": "https://images.metmuseum.org/CRDImages/ep/original/DP169403.jpg", "culture": "", "country": "", "artistWikidata_URL": "https://www.wikidata.org/wiki/Q123098", "objectDate": "ca. 1776", "objectBeginDate": 1771, "objectEndDate": 1781}, {"objectID": 13878, "artistDisplayName": "Elizabeth Van Horne Clarkson", "title": "Honeycomb Quilt", "artistGender": "Female", "primaryImage": "https://images.metmuseum.org/CRDImages/ad/original/DT1816.jpg", "culture": "American", "country": "United States", "artistWikidata_URL": "https://www.wikidata.org/wiki/Q111529341", "objectDate": "ca. 1830", "objectBeginDate": 1827, "objectEndDate": 1833}, {"objectID": 14059, "artistDisplayName": "Laura Hyde", "title": "Embroidered Sampler", "artistGender": "Female", "primaryImage": "https://images.metmuseum.org/CRDImages/ad/original/DP266260.jpg", "culture": "American", "country": "United States", "artistWikidata_URL": "", "objectDate": "1800", "objectBeginDate": 1800, "objectEndDate": 1800}, {"objectID": 436453, "artistDisplayName": "Artemisia Gentileschi", "title": "Esther before Ahasuerus", "artistGender": "Female", "primaryImage": "https://images.metmuseum.org/CRDImages/ep/original/DP-20748-001.jpg", "culture": "", "country": "", "artistWikidata_URL": "https://www.wikidata.org/wiki/Q212657", "objectDate": "", "objectBeginDate": 1613, "objectEndDate": 1653}, {"objectID": 437159, "artistDisplayName": "Berthe Morisot", "title": "Young Woman Knitting", "artistGender": "Female", "primaryImage": "https://images.metmuseum.org/CRDImages/ep/original/DT1928.jpg", "culture": "", "country": "", "artistWikidata_URL": "https://www.wikidata.org/wiki/Q105320", "objectDate": "ca. 1883", "objectBeginDate": 1878, "objectEndDate": 1888}, {"objectID": 437900, "artistDisplayName": "Elisabeth Louise Vig\u00e9e Le Brun", "title": "Comtesse de la Ch\u00e2tre (Marie Charlotte Louise Perrette Agla\u00e9 Bontemps, 1762\u20131848)", "artistGender": "Female", "primaryImage": "https://images.metmuseum.org/CRDImages/ep/original/DP320086.jpg", "culture": "", "country": "", "artistWikidata_URL": "https://www.wikidata.org/wiki/Q213163", "objectDate": "1789", "objectBeginDate": 1789, "objectEndDate": 1789}, {"objectID": 268706, "artistDisplayName": "Julia Margaret Cameron", "title": "Henry Taylor. Author of \"Philip Van Artevelde\"", "artistGender": "Female", "primaryImage": "https://images.metmuseum.org/CRDImages/ph/original/DP318598.jpg", "culture": "", "country": "", "artistWikidata_URL": "https://www.wikidata.org/wiki/Q230120", "objectDate": "1864", "objectBeginDate": 1864, "objectEndDate": 1864}, {"objectID": 13753, "artistDisplayName": "Mary Ann Parks Hammond", "title": "Embroidered Picture", "artistGender": "Female", "primaryImage": "https://images.metmuseum.org/CRDImages/ad/original/RT558.jpg", "culture": "American", "country": "United States", "artistWikidata_URL": "", "objectDate": "ca. 1855", "objectBeginDate": 1852, "objectEndDate": 1855}, {"objectID": 13712, "artistDisplayName": "Mary Ann Thomas", "title": "Coat of Arms", "artistGender": "Female", "primaryImage": "https://images.metmuseum.org/CRDImages/ad/original/AR260.jpg", "culture": "American", "country": "United States", "artistWikidata_URL": "", "objectDate": "ca. 1786", "objectBeginDate": 1783, "objectEndDate": 1789}, {"objectID": 271077, "artistDisplayName": "Julia Margaret Cameron", "title": "Alfred, Lord Tennyson", "artistGender": "Female", "primaryImage": "https://images.metmuseum.org/CRDImages/ph/original/DP209299.jpg", "culture": "", "country": "", "artistWikidata_URL": "https://www.wikidata.org/wiki/Q230120", "objectDate": "May 1865", "objectBeginDate": 1865, "objectEndDate": 1865}, {"objectID": 816262, "artistDisplayName": "\u014ctagaki Rengetsu", "title": "Waka Poem: \u201cAcross the fields and hills\u2026\u201d", "artistGender": "Female", "primaryImage": "https://images.metmuseum.org/CRDImages/as/original/DP-19322-002.jpg", "culture": "Japan", "country": "", "artistWikidata_URL": "https://www.wikidata.org/wiki/Q3075581", "objectDate": "19th century", "objectBeginDate": 1800, "objectEndDate": 1868}, {"objectID": 725270, "artistDisplayName": "Esther Howland", "title": "Valentine", "artistGender": "Female", "primaryImage": "https://images.metmuseum.org/CRDImages/dp/original/DP886092.jpg", "culture": "", "country": "", "artistWikidata_URL": "https://www.wikidata.org/wiki/Q5401203", "objectDate": "1850\u201370", "objectBeginDate": 1845, "objectEndDate": 1875}, {"objectID": 767106, "artistDisplayName": "Kate Greenaway", "title": "Valentine", "artistGender": "Female", "primaryImage": "https://images.metmuseum.org/CRDImages/dp/original/DP885944.jpg", "culture": "", "country": "", "artistWikidata_URL": "https://www.wikidata.org/wiki/Q204936", "objectDate": "ca. 1875", "objectBeginDate": 1874, "objectEndDate": 1876}, {"objectID": 21304, "artistDisplayName": "Polly Platt", "title": "Map sampler made at Pleasent Valley Quaker Boarding School", "artistGender": "Female", "primaryImage": "https://images.metmuseum.org/CRDImages/ad/original/DP293006.jpg", "culture": "American", "country": "United States", "artistWikidata_URL": "", "objectDate": "1809", "objectBeginDate": 1809, "objectEndDate": 1809}, {"objectID": 437898, "artistDisplayName": "Elisabeth Louise Vig\u00e9e Le Brun", "title": "Madame Grand (No\u00ebl Catherine Vorl\u00e9e, 1761\u20131835)", "artistGender": "Female", "primaryImage": "https://images.metmuseum.org/CRDImages/ep/original/DP320094.jpg", "culture": "", "country": "", "artistWikidata_URL": "https://www.wikidata.org/wiki/Q213163", "objectDate": "1783", "objectBeginDate": 1783, "objectEndDate": 1783}, {"objectID": 437047, "artistDisplayName": "Anne Foldsone Mee", "title": "Portrait of a Woman, Possibly Barbara (1768\u20131829), Marchioness of Donegall", "artistGender": "Female", "primaryImage": "https://images.metmuseum.org/CRDImages/ep/original/39630.jpg", "culture": "", "country": "", "artistWikidata_URL": "https://www.wikidata.org/wiki/Q16858002", "objectDate": "ca. 1790", "objectBeginDate": 1785, "objectEndDate": 1795}, {"objectID": 436222, "artistDisplayName": "Rose Ad\u00e9la\u00efde Ducreux", "title": "Self-Portrait with a Harp", "artistGender": "Female", "primaryImage": "https://images.metmuseum.org/CRDImages/ep/original/DP164843.jpg", "culture": "", "country": "", "artistWikidata_URL": "https://www.wikidata.org/wiki/Q3442328", "objectDate": "1791", "objectBeginDate": 1791, "objectEndDate": 1791}, {"objectID": 435650, "artistDisplayName": "Marie Guillelmine Benoist", "title": "Madame Philippe Panon Desbassayns de Richemont (Jeanne Egl\u00e9 Mourgue, 1778\u20131855) and Her Son, Eug\u00e8ne (1800\u20131859)", "artistGender": "Female", "primaryImage": "https://images.metmuseum.org/CRDImages/ep/original/DP-13442-001.jpg", "culture": "", "country": "", "artistWikidata_URL": "https://www.wikidata.org/wiki/Q118810", "objectDate": "1802", "objectBeginDate": 1802, "objectEndDate": 1802}, {"objectID": 417513, "artistDisplayName": "Angelica Kauffmann", "title": "Study of a Seated Woman", "artistGender": "Female", "primaryImage": "https://images.metmuseum.org/CRDImages/dp/original/DP829074.jpg", "culture": "", "country": "", "artistWikidata_URL": "https://www.wikidata.org/wiki/Q123098", "objectDate": "1790\u201391 (?)", "objectBeginDate": 1790, "objectEndDate": 1791}, {"objectID": 435702, "artistDisplayName": "Rosa Bonheur", "title": "The Horse Fair", "artistGender": "Female", "primaryImage": "https://images.metmuseum.org/CRDImages/ep/original/DP-23550-001.jpg", "culture": "", "country": "", "artistWikidata_URL": "https://www.wikidata.org/wiki/Q241732", "objectDate": "1852\u201355", "objectBeginDate": 1852, "objectEndDate": 1855}, {"objectID": 13875, "artistDisplayName": "Mary Hergenroder Simon", "title": "Quilt, Presentation pattern", "artistGender": "Female", "primaryImage": "https://images.metmuseum.org/CRDImages/ad/original/DT1825.jpg", "culture": "American", "country": "United States", "artistWikidata_URL": "", "objectDate": "ca. 1849", "objectBeginDate": 1846, "objectEndDate": 1849}, {"objectID": 417511, "artistDisplayName": "Angelica Kauffmann", "title": "Study of a Standing Woman", "artistGender": "Female", "primaryImage": "https://images.metmuseum.org/CRDImages/dp/original/DP829075.jpg", "culture": "", "country": "", "artistWikidata_URL": "https://www.wikidata.org/wiki/Q123098", "objectDate": "1792\u201396", "objectBeginDate": 1792, "objectEndDate": 1796}, {"objectID": 360446, "artistDisplayName": "Mary Delany", "title": "Botanical Study", "artistGender": "Female", "primaryImage": "https://images.metmuseum.org/CRDImages/dp/original/DP801159.jpg", "culture": "", "country": "", "artistWikidata_URL": "https://www.wikidata.org/wiki/Q510352", "objectDate": "ca. 1772\u201382", "objectBeginDate": 1767, "objectEndDate": 1787}, {"objectID": 13912, "artistDisplayName": "Susan Reed Ruddick", "title": "Wild Goose Chase Quilt", "artistGender": "Female", "primaryImage": "https://images.metmuseum.org/CRDImages/ad/original/DT1821.jpg", "culture": "American", "country": "United States", "artistWikidata_URL": "", "objectDate": "1851", "objectBeginDate": 1851, "objectEndDate": 1851}]